replay id;replay title;map;date;result;team name;opposing team name;player name;car id;car name;score;goals;assists;saves;shots;shots conceded;goals conceded;goals conceded while last defender;shooting percentage;bpm;avg boost amount;amount collected;amount collected big pads;amount collected small pads;count collected big pads;count collected small pads;amount stolen;amount stolen big pads;amount stolen small pads;count stolen big pads;count stolen small pads;0 boost time;100 boost time;amount used while supersonic;amount overfill total;amount overfill stolen;avg speed;total distance;time slow speed;percentage slow speed;time boost speed;percentage boost speed;time supersonic speed;percentage supersonic speed;time on ground;percentage on ground;time low in air;percentage low in air;time high in air;percentage high in air;time powerslide;avg powerslide time;count powerslide;time most back;percentage most back;time most forward;percentage most forward;time in front of ball;percentage in front of ball;time behind ball;percentage behind ball;time in front of ball;percentage in front of ball;time defensive half;percentage defensive half;time offensive half;percentage offensive half;time defensive third;percentage defensive third;time neutral third;percentage neutral third;time offensive third;percentage offensive third;avg distance to ball;avg distance to ball has possession;avg distance to ball no possession;avg distance to team mates;demos inflicted;demos taken;epic saves;clears;centers;aerial hits;first touches;flip resets;crossbar hits;bicycle hits;juggle hits;demos inflicted in defensive half;demos inflicted in offensive half;demos taken in defensive half;demos taken in offensive half
27fbfef6-c69a-43c6-8d62-9c14e9bdd3a1;game 1 finals;Champions Field;2026-10-04 18:48:53;win;ESC;HLB;EPo -_-;23;Octane;616;3;0;2;6;4;0;0;50;432;48.81;2430;1730;700;20;59;645;432;213;5;18;56.61;25.63;395;272;67;1660;538807;124.41;35.74;151.26;43.45;72.44;20.81;189.02;54.3;147.72;42.44;11.36;3.26;7.4;0.13;59;87.9;26.36;120.4;36.11;82.58;23.72;265.53;76.28;82.58;23.72;201.34;57.84;146.77;42.16;141.5;40.65;128.33;36.86;78.28;22.49;2929;2740;3125;3790;1;1;1;0;4;10;2;1;0;0;0;0;1;1;0
27fbfef6-c69a-43c6-8d62-9c14e9bdd3a1;game 1 finals;Champions Field;2026-10-04 18:48:53;win;ESC;HLB;SirSkittleZ;30;Merc;302;1;2;0;1;4;0;0;100;435;52.92;2504;1843;661;23;52;456;275;181;4;16;42.57;49.96;462;469;124;1552;507968;151.01;43.26;146.86;42.07;51.18;14.66;222.47;63.74;118.37;33.91;8.2;2.35;3.83;0.12;32;131.3;39.38;109.8;32.93;95.52;27.37;253.52;72.63;95.52;27.37;227.69;65.23;121.35;34.77;174.37;49.96;98.47;28.21;76.2;21.83;3509;3530;3509;4028;4;0;0;0;4;2;0;0;0;0;0;2;2;0;0
27fbfef6-c69a-43c6-8d62-9c14e9bdd3a1;game 1 finals;Champions Field;2026-10-04 18:48:53;loss;HLB;ESC;Squirt;23;Octane;146;0;0;0;2;10;5;1;0;388;48.37;2433;1766;667;21;59;587;344;243;4;22;25.73;54.33;251;350;65;1605;526402;153.23;43.73;135.55;38.69;61.59;17.58;190.64;54.41;149;42.53;10.73;3.06;5.18;0.11;46;131.6;39.47;119.1;35.72;119.74;34.18;230.63;65.82;119.74;34.18;241.77;69;108.61;31;187.24;53.44;94.53;26.98;68.6;19.58;2845;2648;2979;3614;0;1;0;3;2;3;1;0;0;0;0;0;0;0;1
27fbfef6-c69a-43c6-8d62-9c14e9bdd3a1;game 1 finals;Champions Field;2026-10-04 18:48:53;win;ESC;HLB;Clamp2much;4284;Fennec;312;1;0;1;3;4;0;0;33.33;405;47.7;2422;1767;655;19;56;587;443;144;5;12;48.53;51.9;403;135;56;1527;501339;167.98;47.84;132.75;37.81;50.38;14.35;225.4;64.2;112.9;32.16;12.8;3.65;6.13;0.19;33;113.9;34.16;99.4;29.81;68.02;19.37;283.09;80.63;68.02;19.37;222.58;63.39;128.53;36.61;159.49;45.42;123.51;35.18;68.11;19.4;3205;3254;3077;3859;1;0;0;2;6;5;3;0;1;0;0;0;1;0;0
27fbfef6-c69a-43c6-8d62-9c14e9bdd3a1;game 1 finals;Champions Field;2026-10-04 18:48:53;loss;HLB;ESC;NeonLightning20;23;Octane;156;0;0;1;1;10;5;2;0;321;48.4;1845;1137;708;14;62;216;14;202;1;18;28.23;23;167;262;85;1510;482908;165.22;48.36;151.14;44.24;25.27;7.4;224.78;65.79;109.06;31.92;7.8;2.28;10.68;0.08;137;118.5;35.54;96.5;28.94;125.5;36.74;216.13;63.26;125.5;36.74;236.25;69.15;105.39;30.85;174.37;51.04;109.74;32.12;57.52;16.84;2804;2755;2895;3481;0;3;0;2;2;0;0;0;0;0;0;0;0;2;1
27fbfef6-c69a-43c6-8d62-9c14e9bdd3a1;game 1 finals;Champions Field;2026-10-04 18:48:53;loss;HLB;ESC;Bubbles3913;23;Octane;350;0;0;4;1;10;5;2;0;368;48.34;1916;1440;476;17;43;154;37;117;1;11;28.53;37.56;307;283;70;1604;516421;137.22;39.77;162.54;47.11;45.25;13.12;194.55;56.39;130.64;37.87;19.81;5.74;2.97;0.09;32;95.5;28.64;116.9;35.06;126.43;36.65;218.58;63.35;126.43;36.65;229.43;66.5;115.58;33.5;159.67;46.28;131.87;38.22;53.46;15.5;2963;2712;3174;3509;1;2;1;2;0;6;0;0;1;0;0;0;1;2;0
90710f7d-f1cd-40a8-96c8-ecdb3bbb0b05;gtrls finals g2;Champions Field;2026-10-04 18:56:44;win;ESC;HLB;EPo -_-;23;Octane;544;2;1;2;5;8;1;0;40;428;46.32;2372;1680;692;20;67;452;200;252;2;22;44.48;34.72;290;348;0;1608;532228;131.9;37.81;155.56;44.59;61.42;17.6;188.25;53.96;147.83;42.37;12.8;3.67;8.07;0.13;64;82.7;24.74;124.8;37.34;86.48;24.79;262.39;75.21;86.48;24.79;219.15;62.82;129.73;37.18;160.69;46.06;112.76;32.32;75.43;21.62;2717;2467;2944;3708;1;0;0;2;5;6;2;0;1;1;0;1;0;0;0
90710f7d-f1cd-40a8-96c8-ecdb3bbb0b05;gtrls finals g2;Champions Field;2026-10-04 18:56:44;win;ESC;HLB;SirSkittleZ;30;Merc;78;0;0;0;0;8;1;0;0;382;51.3;2351;1521;830;18;53;424;241;183;3;16;29.39;46.63;320;287;58;1394;454611;186.13;53.8;119.6;34.57;40.24;11.63;217.18;62.77;124.09;35.87;4.7;1.36;2.53;0.13;20;128.7;38.51;100.9;30.19;97.28;28.12;248.69;71.88;97.28;28.12;239.58;69.25;106.4;30.75;193.94;56.06;83.74;24.2;68.3;19.74;3551;3355;3764;3980;3;1;0;2;1;3;0;0;1;0;0;0;3;0;1
90710f7d-f1cd-40a8-96c8-ecdb3bbb0b05;gtrls finals g2;Champions Field;2026-10-04 18:56:44;loss;HLB;ESC;Squirt;23;Octane;407;1;0;2;4;6;3;3;25;432;50.8;2384;1743;641;22;55;423;283;140;4;12;33.97;51.1;304;473;121;1656;536978;127.32;37.13;136.16;39.71;79.43;23.16;173.56;50.62;157.08;45.81;12.26;3.58;7.33;0.12;59;130.4;39.02;105.8;31.65;98.79;28.81;244.12;71.19;98.79;28.81;222.56;64.9;120.35;35.1;167.3;48.79;107.09;31.23;68.52;19.98;3015;3053;2996;3783;0;2;1;3;3;6;1;0;0;1;0;0;0;2;0
90710f7d-f1cd-40a8-96c8-ecdb3bbb0b05;gtrls finals g2;Champions Field;2026-10-04 18:56:44;win;ESC;HLB;Clamp2much;4284;Fennec;356;1;1;1;1;8;1;1;100;426;49.63;2447;1898;549;22;43;253;152;101;2;9;42.14;58.73;181;218;47;1436;473872;176.28;50.53;139.72;40.05;32.87;9.42;232.42;66.62;107.95;30.94;8.5;2.44;6.4;0.16;41;122.6;36.68;105.7;31.62;81.22;23.28;267.66;76.72;81.22;23.28;240.02;68.8;108.86;31.2;177.79;50.96;109.59;31.41;61.5;17.63;3024;3101;2980;3904;2;0;0;3;5;2;0;1;0;0;0;1;1;0;0
90710f7d-f1cd-40a8-96c8-ecdb3bbb0b05;gtrls finals g2;Champions Field;2026-10-04 18:56:44;loss;HLB;ESC;NeonLightning20;23;Octane;110;0;0;0;1;6;3;0;0;321;41.89;1751;1046;705;12;54;312;180;132;2;11;31.63;21.07;170;153;20;1481;484391;172.28;49.83;147.09;42.54;26.4;7.64;223.11;64.52;114.9;33.23;7.77;2.25;11.23;0.09;132;118.6;35.48;105.9;31.68;97.6;28.23;248.17;71.77;97.6;28.23;222.07;64.22;123.7;35.78;165.18;47.77;115.49;33.4;65.1;18.83;3175;2878;3420;3802;0;1;0;2;3;2;2;0;0;0;0;0;0;0;1
90710f7d-f1cd-40a8-96c8-ecdb3bbb0b05;gtrls finals g2;Champions Field;2026-10-04 18:56:44;loss;HLB;ESC;Bubbles3913;23;Octane;224;0;1;0;3;6;3;0;0;375;44.09;2097;1493;604;18;45;360;170;190;2;16;35.3;42.23;181;316;29;1483;475479;170.25;50.08;129.68;38.14;40.05;11.78;202.24;59.49;117.47;34.55;20.27;5.96;5.13;0.11;48;97.3;29.11;119.3;35.69;128.37;37.76;211.61;62.24;128.37;37.76;205.46;60.43;134.52;39.57;165.26;48.61;100.13;29.45;74.59;21.94;3094;2790;3367;3891;1;3;0;3;5;7;0;1;0;0;0;1;0;2;1
dbf636ab-1fb4-4e06-9788-01800fc4b5c3;gtrls finals g3;Champions Field;2026-10-04 19:05:23;loss;ESC;HLB;EPo -_-;23;Octane;442;1;0;1;8;3;2;0;12.5;474;47.2;3225;2432;793;28;71;472;183;289;3;27;70.4;38.2;275;287;31;1614;632807;148.51;36.5;194.92;47.9;63.49;15.6;229.6;56.42;156.35;38.42;20.97;5.15;7.5;0.11;71;98;24.61;153.8;38.62;98.01;24.09;308.9;75.91;98.01;24.09;205.21;50.43;201.71;49.57;126.25;31.03;160.79;39.51;119.87;29.46;2884;2761;2988;3954;3;1;0;2;10;9;0;0;0;0;0;2;1;1;0
dbf636ab-1fb4-4e06-9788-01800fc4b5c3;gtrls finals g3;Champions Field;2026-10-04 19:05:23;loss;ESC;HLB;SirSkittleZ;30;Merc;220;0;1;0;4;3;2;2;0;410;55.07;2749;1885;864;27;69;555;356;199;5;17;26.93;64.38;420;833;143;1527;602440;181.18;44.19;173.74;42.38;55.06;13.43;280.91;68.52;125.21;30.54;3.87;0.94;4.6;0.1;46;148.1;37.19;143;35.91;114.61;27.96;295.37;72.04;114.61;27.96;249.38;60.83;160.6;39.17;160.51;39.15;152.13;37.11;97.34;23.74;3363;3371;3346;3969;2;0;0;2;5;3;0;0;0;1;0;0;2;0;0
dbf636ab-1fb4-4e06-9788-01800fc4b5c3;gtrls finals g3;Champions Field;2026-10-04 19:05:23;win;HLB;ESC;Squirt;23;Octane;963;1;1;9;2;17;1;0;50;374;54.9;2402;1735;667;23;61;507;278;229;4;19;26.77;66.9;307;526;34;1515;591285;192.07;47.54;148.91;36.86;63.04;15.6;228.62;56.59;163.27;40.41;12.13;3;7.15;0.13;53;131.3;32.97;138;34.65;109.44;27.09;294.58;72.91;109.44;27.09;307.78;76.18;96.24;23.82;249.75;61.81;99.01;24.51;55.27;13.68;2728;2365;3013;3647;2;2;4;4;4;6;2;0;0;0;0;0;2;1;1
dbf636ab-1fb4-4e06-9788-01800fc4b5c3;gtrls finals g3;Champions Field;2026-10-04 19:05:23;loss;ESC;HLB;Clamp2much;4284;Fennec;146;0;0;0;5;3;2;0;0;413;50.52;2825;2136;689;23;59;797;645;152;7;13;37.97;64.74;406;196;54;1470;564111;188.2;47.16;164.4;41.2;46.47;11.64;270.77;67.85;112.34;28.15;15.97;4;7.2;0.16;46;156.2;39.22;97;24.36;80.96;20.29;318.11;79.71;80.96;20.29;248.33;62.23;150.74;37.77;170.3;42.67;149.73;37.52;79.04;19.81;3335;3517;3152;3886;0;3;0;2;1;4;0;0;1;0;0;0;0;3;0
dbf636ab-1fb4-4e06-9788-01800fc4b5c3;gtrls finals g3;Champions Field;2026-10-04 19:05:23;win;HLB;ESC;NeonLightning20;23;Octane;481;1;0;3;1;17;1;0;100;317;41.79;2156;1413;743;15;68;245;100;145;1;14;48.26;35.47;176;97;0;1514;587037;182.07;45.06;190.74;47.2;31.27;7.74;244.18;60.43;148.59;36.77;11.31;2.8;9.81;0.08;120;152.4;38.27;126.9;31.87;132.4;32.76;271.69;67.24;132.4;32.76;304.81;75.43;99.28;24.57;247.24;61.18;99.7;24.67;57.15;14.14;3182;3402;2980;3756;0;2;1;5;1;3;1;0;0;0;0;0;0;1;1
dbf636ab-1fb4-4e06-9788-01800fc4b5c3;gtrls finals g3;Champions Field;2026-10-04 19:05:23;win;HLB;ESC;Bubbles3913;23;Octane;307;0;0;2;0;17;1;1;0;332;52.5;2301;1270;1031;16;72;252;100;152;1;14;56.68;50.3;346;360;9;1475;579277;206.6;50.75;158.34;38.89;42.18;10.36;253.01;62.15;141.44;34.74;12.66;3.11;4.77;0.1;49;130.5;32.77;129.3;32.47;126.18;30.99;280.94;69.01;126.18;30.99;317.97;78.1;89.15;21.9;237.94;58.45;125.96;30.94;43.21;10.61;2815;2585;3008;3452;2;1;1;5;3;7;1;0;0;0;0;0;2;1;0
d8ceecac-6ae9-48bc-8f1e-fe17f721c06b;gtrls finals g4;Champions Field;2026-10-04 23:12:55;loss;ESC;HLB;EPo -_-;23;Octane;114;0;0;1;0;10;2;1;0;453;46.24;2524;1840;684;21;61;665;412;253;5;22;55.71;29.19;291;263;89;1582;508331;134.18;39.9;149.66;44.51;52.41;15.59;174.17;51.8;148.08;44.04;13.99;4.16;6.13;0.1;59;65.9;20.3;126.3;38.9;103.89;30.9;232.36;69.1;103.89;30.9;212.15;63.09;124.1;36.91;145.69;43.33;112.35;33.41;78.2;23.26;2750;2624;2872;3786;2;0;0;0;2;5;0;0;0;0;1;0;2;0;0
d8ceecac-6ae9-48bc-8f1e-fe17f721c06b;gtrls finals g4;Champions Field;2026-10-04 23:12:55;loss;ESC;HLB;SirSkittleZ;30;Merc;379;0;0;3;1;10;2;0;0;366;52.16;2041;1430;611;19;49;497;349;148;4;14;41.02;41.14;284;401;51;1438;456384;173.08;51.9;127.9;38.35;32.51;9.75;212.17;63.62;112.76;33.81;8.55;2.56;3.13;0.1;31;155.1;47.77;103.2;31.78;90.62;27.17;242.86;72.83;90.62;27.17;240.94;72.25;92.54;27.75;177.44;53.21;102.25;30.66;53.79;16.13;3206;2922;3460;3969;3;1;0;5;5;3;0;1;0;0;0;0;3;0;1
d8ceecac-6ae9-48bc-8f1e-fe17f721c06b;gtrls finals g4;Champions Field;2026-10-04 23:12:55;win;HLB;ESC;Squirt;23;Octane;319;0;1;1;3;4;1;1;0;390;46.74;2332;1763;569;22;42;228;84;144;1;12;31.64;76.71;263;439;15;1499;472335;156.85;47.55;127.57;38.67;45.46;13.78;176.85;53.61;138.11;41.87;14.93;4.53;7.79;0.14;54;131.1;40.37;92.9;28.61;68.12;20.65;261.76;79.35;68.12;20.65;216.32;65.58;113.56;34.42;161.65;49;115.08;34.89;53.15;16.11;2906;2576;3263;3913;2;2;1;3;4;10;2;1;1;0;0;1;1;2;0
d8ceecac-6ae9-48bc-8f1e-fe17f721c06b;gtrls finals g4;Champions Field;2026-10-04 23:12:55;loss;ESC;HLB;Clamp2much;4284;Fennec;401;1;0;2;3;10;2;1;33.33;395;43.27;2070;1596;474;19;40;109;0;109;0;9;44.34;55.67;280;306;0;1428;444585;165.13;50.61;128.33;39.33;32.85;10.07;193.83;59.4;123.3;37.79;9.17;2.81;6.31;0.23;27;112;34.49;92;28.33;82.44;25.26;243.87;74.74;82.44;25.26;217.58;66.68;108.73;33.32;161.57;49.51;111.44;34.15;53.3;16.33;3309;3272;3321;3941;0;3;1;4;1;4;1;1;0;1;0;0;0;3;0
d8ceecac-6ae9-48bc-8f1e-fe17f721c06b;gtrls finals g4;Champions Field;2026-10-04 23:12:55;win;HLB;ESC;NeonLightning20;23;Octane;296;1;0;2;2;4;1;0;50;344;48.6;1739;985;754;12;66;668;391;277;4;24;15.16;24.28;189;231;8;1519;475113;148.55;45.3;146.58;44.7;32.77;9.99;219;66.79;104.97;32.01;3.93;1.2;8.88;0.07;128;87.5;26.95;117;36.03;108.86;33.2;219.04;66.8;108.86;33.2;196.82;60.02;131.08;39.98;138.22;42.15;109.32;33.34;80.36;24.51;3080;3033;3082;3694;1;2;0;0;3;2;0;0;0;1;0;0;1;2;0
d8ceecac-6ae9-48bc-8f1e-fe17f721c06b;gtrls finals g4;Champions Field;2026-10-04 23:12:55;win;HLB;ESC;Bubbles3913;23;Octane;306;1;0;0;5;4;1;0;20;356;47.57;1830;1221;609;13;53;256;100;156;1;13;33.13;40.52;287;96;0;1519;483803;152.75;45.77;143.86;43.11;37.11;11.12;206.55;61.89;113.1;33.89;14.07;4.22;2.96;0.1;29;108.8;33.51;111.6;34.37;85.48;25.61;248.24;74.39;85.48;25.61;224.1;67.15;109.62;32.85;159.16;47.69;109.62;32.85;64.94;19.46;3059;3004;3167;3824;1;1;0;4;3;7;1;0;1;0;0;0;1;1;0
414ae9d1-f75f-470e-a031-12a38e2ff6c0;gtrls finals g5;Champions Field;2026-10-04 23:21:04;win;ESC;HLB;EPo -_-;23;Octane;581;3;0;1;3;8;1;1;100;441;42.23;2471;1717;754;19;59;336;200;136;2;13;50.82;25.06;250;194;11;1573;525294;150.5;42.25;141.86;39.83;63.84;17.92;194.08;54.49;147.39;41.38;14.73;4.14;7.66;0.12;62;100.2;29.36;110.3;32.32;88.4;24.82;267.8;75.18;88.4;24.82;242.53;68.09;113.67;31.91;194.74;54.67;87.32;24.51;74.14;20.81;2674;2710;2646;3635;1;1;0;5;3;4;1;1;0;0;0;0;1;1;0
414ae9d1-f75f-470e-a031-12a38e2ff6c0;gtrls finals g5;Champions Field;2026-10-04 23:21:04;win;ESC;HLB;SirSkittleZ;30;Merc;354;0;1;2;2;8;1;0;0;325;45.54;1965;1225;740;14;55;223;105;118;2;11;51.49;30.2;237;186;94;1391;458428;180.44;51.24;139.55;39.63;32.16;9.13;216.77;61.56;131.46;37.33;3.91;1.11;2.42;0.11;23;117.6;34.46;118.2;34.64;106.95;30.37;245.2;69.63;106.95;30.37;254.4;72.24;97.75;27.76;197.66;56.13;95.19;27.03;59.3;16.84;3342;3359;3291;3815;2;1;2;4;1;4;0;0;1;0;0;0;2;1;0
414ae9d1-f75f-470e-a031-12a38e2ff6c0;gtrls finals g5;Champions Field;2026-10-04 23:21:04;loss;HLB;ESC;Squirt;23;Octane;309;0;0;1;5;8;4;1;0;465;51.24;2644;2141;503;25;40;462;235;227;4;20;32.16;65.69;305;372;164;1619;536339;145.66;41.24;145.3;41.14;62.26;17.63;200.99;56.9;147.68;41.81;4.56;1.29;6.06;0.11;54;127.8;37.45;119.9;35.14;118.07;33.43;235.16;66.57;118.07;33.43;209.98;59.45;143.25;40.55;149.53;42.33;122.05;34.55;81.65;23.12;2897;2646;3133;3795;2;2;1;3;6;5;1;1;1;0;0;0;2;2;0
414ae9d1-f75f-470e-a031-12a38e2ff6c0;gtrls finals g5;Champions Field;2026-10-04 23:21:04;win;ESC;HLB;Clamp2much;4284;Fennec;376;1;1;1;3;8;1;0;33.33;407;46.61;2510;1905;605;21;46;392;308;84;4;8;55.17;49.18;393;172;93;1452;488763;175.59;48.88;148.37;41.3;35.27;9.82;228.23;63.53;121.29;33.76;9.71;2.7;5.35;0.16;33;128.8;37.74;108.2;31.71;75.09;20.9;284.14;79.1;75.09;20.9;244.87;68.17;114.36;31.83;194.8;54.23;96.17;26.77;68.25;19;3224;2995;3499;3880;1;0;0;3;4;4;0;0;0;0;0;1;0;0;0
414ae9d1-f75f-470e-a031-12a38e2ff6c0;gtrls finals g5;Champions Field;2026-10-04 23:21:04;loss;HLB;ESC;NeonLightning20;23;Octane;289;1;0;1;2;8;4;1;50;333;42.93;1818;1083;735;15;66;216;0;216;0;20;36.98;18.34;214;416;0;1509;503932;154.45;43.36;176.32;49.5;25.42;7.14;231.91;65.11;116.24;32.63;8.04;2.26;7.13;0.07;109;111.7;32.73;84.3;24.7;103.53;29.07;252.66;70.93;103.53;29.07;219.11;61.52;137.07;38.48;170.55;47.88;106.39;29.87;79.24;22.25;2850;2753;2938;3472;0;1;1;1;3;3;2;0;0;0;0;0;0;0;1
414ae9d1-f75f-470e-a031-12a38e2ff6c0;gtrls finals g5;Champions Field;2026-10-04 23:21:04;loss;HLB;ESC;Bubbles3913;23;Octane;144;0;0;0;1;8;4;2;0;324;42.04;2193;1507;686;17;59;426;198;228;3;19;75.35;25.73;310;201;101;1562;521759;155.68;43.71;149.16;41.88;51.34;14.41;205.02;57.56;134.34;37.72;16.83;4.73;4.99;0.12;43;108.9;31.91;132.5;38.83;139.03;39.03;217.16;60.97;139.03;39.03;202.59;56.88;153.6;43.12;145.76;40.92;120.57;33.85;89.86;25.23;2995;3066;2952;3748;0;1;0;3;4;5;2;1;0;1;0;0;0;1;0
f06d627f-a7f0-42e0-9a28-e2de7796304e;gtrls finals g6;Champions Field;2026-10-04 23:30:15;win;ESC;HLB;EPo -_-;23;Octane;675;4;1;0;5;3;1;1;80;437;44.45;2500;1727;773;20;69;294;70;224;1;19;52.64;28.77;396;299;29;1684;588191;140.79;36.82;157.58;41.22;83.96;21.96;201.08;52.59;165.41;43.26;15.83;4.14;7.28;0.12;62;129.6;36.49;105.8;29.79;83.9;21.94;298.42;78.06;83.9;21.94;242.68;63.47;139.65;36.53;174.5;45.64;119.47;31.25;88.35;23.11;2993;2966;3045;3856;0;0;0;3;3;7;0;0;1;0;0;0;0;0;0
f06d627f-a7f0-42e0-9a28-e2de7796304e;gtrls finals g6;Champions Field;2026-10-04 23:30:15;win;ESC;HLB;SirSkittleZ;30;Merc;284;1;0;1;3;3;1;0;33.33;403;47.92;2322;1725;597;21;54;667;442;225;5;20;23.68;31.84;363;380;57;1533;528868;180.16;47.58;153.52;40.54;44.98;11.88;250.95;66.27;115.31;30.45;12.4;3.27;5.47;0.12;46;136;38.29;112.8;31.76;85.11;22.48;293.55;77.52;85.11;22.48;233.24;61.6;145.42;38.4;184.37;48.69;107.76;28.46;86.53;22.85;3340;3151;3496;4053;2;1;0;0;5;2;0;1;0;0;0;1;1;1;0
f06d627f-a7f0-42e0-9a28-e2de7796304e;gtrls finals g6;Champions Field;2026-10-04 23:30:15;loss;HLB;ESC;Squirt;23;Octane;258;1;0;1;2;12;7;3;50;473;48.38;3108;2536;572;29;55;436;275;161;3;17;46.11;52.67;280;403;40;1668;576382;140.82;37.13;170.41;44.93;68.03;17.94;191.41;50.47;166.3;43.85;21.55;5.68;6.47;0.12;52;125.1;35.22;105.6;29.73;129.46;34.13;249.8;65.87;129.46;34.13;276.65;72.94;102.62;27.06;211.95;55.88;104.34;27.51;62.98;16.61;2813;2728;2903;3617;1;1;0;1;3;4;3;1;0;1;0;0;1;0;1
f06d627f-a7f0-42e0-9a28-e2de7796304e;gtrls finals g6;Champions Field;2026-10-04 23:30:15;win;ESC;HLB;Clamp2much;4284;Fennec;454;2;2;0;4;3;1;0;50;442;45.94;2886;2350;536;25;46;816;632;184;7;16;63.09;43.14;434;158;76;1599;553635;164.71;43.42;155.16;40.91;59.43;15.67;228.49;60.24;132.8;35.01;18.01;4.75;5.75;0.17;33;89.7;25.25;130.3;36.68;95.99;25.31;283.32;74.69;95.99;25.31;217.81;57.42;161.5;42.58;154.3;40.68;119.72;31.56;105.28;27.76;3343;3385;3288;3997;2;1;0;1;5;2;0;0;0;0;0;2;0;1;0
f06d627f-a7f0-42e0-9a28-e2de7796304e;gtrls finals g6;Champions Field;2026-10-04 23:30:15;loss;HLB;ESC;NeonLightning20;23;Octane;230;0;1;2;0;12;7;2;0;279;34.47;1455;704;751;8;66;158;0;158;0;14;83.41;12.45;236;103;0;1453;502610;204.54;53.93;144.19;38.01;30.57;8.06;248.61;65.54;127.87;33.71;2.82;0.74;10.18;0.07;137;137.3;38.66;107.8;30.35;138.79;36.59;240.51;63.41;138.79;36.59;277.73;73.22;101.57;26.78;204.35;53.88;127.46;33.6;47.49;12.52;3187;3182;3189;3619;0;1;0;2;2;3;3;0;0;0;0;0;0;1;0
f06d627f-a7f0-42e0-9a28-e2de7796304e;gtrls finals g6;Champions Field;2026-10-04 23:30:15;loss;HLB;ESC;Bubbles3913;23;Octane;244;0;0;2;1;12;7;2;0;382;42.79;2279;1593;686;19;59;171;19;152;1;13;62.48;33.3;296;306;80;1584;539733;163.81;43.81;159.03;42.54;51.03;13.65;189.84;50.78;161.31;43.15;22.71;6.07;4.05;0.1;42;97.9;27.56;138.4;38.97;144.47;38.64;229.39;61.36;144.47;38.64;256.69;68.66;117.17;31.34;191.74;51.29;120.23;32.16;61.89;16.55;2698;2515;2845;3687;1;2;0;3;3;8;3;0;0;0;0;0;1;0;2
