replay id;replay title;map;date;result;team name;opposing team name;score;goals;assists;saves;shots;shots conceded;goals conceded;shooting percentage;bpm;avg boost amount;amount collected;amount collected big pads;amount collected small pads;count collected big pads;count collected small pads;amount stolen;amount stolen big pads;amount stolen small pads;count stolen big pads;count stolen small pads;0 boost time;100 boost time;amount used while supersonic;amount overfill total;amount overfill stolen;total distance;time slow speed;time boost speed;time supersonic speed;time on ground;time low in air;time high in air;time powerslide;count powerslide;time in front of ball;time behind ball;time in front of ball;time defensive half;time offensive half;time defensive third;time neutral third;time offensive third;demos inflicted;demos taken;epic saves;clears;centers;aerial hits;first touches;flip resets;crossbar hits;bicycle hits;juggle hits;demos inflicted in defensive half;demos inflicted in offensive half;demos taken in defensive half;demos taken in offensive half
27fbfef6-c69a-43c6-8d62-9c14e9bdd3a1;game 1 finals;Champions Field;2026-10-04 18:48:53;win;ESC;HLB;1230;5;2;3;10;4;0;50;1272;149.43;7356;5340;2016;62;167;1688;1150;538;14;46;147.71;127.49;1260;876;247;1548114;443.4;430.87;174;636.89;378.99;32.36;17.36;124;246.12;802.14;246.12;651.61;396.65;475.36;350.31;222.59;6;1;1;2;14;17;5;1;1;0;0;2;4;1;0
27fbfef6-c69a-43c6-8d62-9c14e9bdd3a1;game 1 finals;Champions Field;2026-10-04 18:48:53;loss;HLB;ESC;652;0;0;5;4;10;5;0;1077;145.11;6194;4343;1851;52;164;957;395;562;6;51;82.49;114.89;725;895;220;1525731;455.67;449.23;132.11;609.97;388.7;38.34;18.83;215;371.67;665.34;371.67;707.45;329.58;521.28;336.14;179.58;1;6;1;7;4;9;1;0;1;0;0;0;1;4;2
90710f7d-f1cd-40a8-96c8-ecdb3bbb0b05;gtrls finals g2;Champions Field;2026-10-04 18:56:44;win;ESC;HLB;978;3;2;3;6;8;1;50;1236;147.25;7170;5099;2071;60;163;1129;593;536;7;47;116.01;140.08;791;853;105;1460711;494.31;414.88;134.53;637.85;379.87;26;17;125;264.98;778.74;264.98;698.75;344.99;532.42;306.09;205.23;6;1;0;7;11;11;2;1;2;1;0;2;4;0;1
90710f7d-f1cd-40a8-96c8-ecdb3bbb0b05;gtrls finals g2;Champions Field;2026-10-04 18:56:44;loss;HLB;ESC;741;1;1;2;8;6;3;12.5;1128;136.78;6232;4282;1950;52;154;1095;633;462;8;39;100.9;114.4;655;942;170;1496848;469.85;412.93;145.88;598.91;389.45;40.3;23.69;239;324.76;703.9;324.76;650.09;378.57;497.74;322.71;208.21;1;6;1;8;11;15;3;1;0;1;0;1;0;4;2
dbf636ab-1fb4-4e06-9788-01800fc4b5c3;gtrls finals g3;Champions Field;2026-10-04 19:05:23;loss;ESC;HLB;808;1;1;1;17;3;2;5.88;1297;152.79;8799;6453;2346;78;199;1824;1184;640;15;57;135.3;167.32;1101;1316;228;1799358;517.89;533.06;165.02;781.28;393.9;40.81;19.3;163;293.58;922.38;293.58;702.92;513.05;457.06;462.65;296.25;5;4;0;6;16;16;0;0;1;1;0;2;3;4;0
dbf636ab-1fb4-4e06-9788-01800fc4b5c3;gtrls finals g3;Champions Field;2026-10-04 19:05:23;win;HLB;ESC;1751;2;1;14;3;17;1;66.67;1023;149.19;6859;4418;2441;54;201;1004;478;526;6;47;131.71;152.67;829;983;43;1757599;580.74;497.99;136.49;725.81;453.3;36.1;21.73;222;368.02;847.21;368.02;930.56;284.67;734.93;324.67;155.63;4;5;6;14;8;16;4;0;0;0;0;0;4;3;2
d8ceecac-6ae9-48bc-8f1e-fe17f721c06b;gtrls finals g4;Champions Field;2026-10-04 23:12:55;loss;ESC;HLB;894;1;0;6;4;10;2;25;1214;141.67;6635;4866;1769;59;150;1271;761;510;9;45;141.07;126;855;970;140;1409300;472.39;405.89;117.77;580.17;384.14;31.71;15.57;117;276.95;719.09;276.95;670.67;325.37;484.7;326.04;185.29;5;4;1;9;8;12;1;2;0;1;1;0;5;3;1
d8ceecac-6ae9-48bc-8f1e-fe17f721c06b;gtrls finals g4;Champions Field;2026-10-04 23:12:55;win;HLB;ESC;921;2;1;3;10;4;1;20;1090;142.91;5901;3969;1932;47;161;1152;575;577;6;49;79.93;141.51;739;766;23;1431251;458.15;418.01;115.34;602.4;356.18;32.93;19.63;211;262.46;729.04;262.46;637.24;354.26;459.03;334.02;198.45;4;5;1;7;10;19;3;1;2;1;0;1;3;5;0
414ae9d1-f75f-470e-a031-12a38e2ff6c0;gtrls finals g5;Champions Field;2026-10-04 23:21:04;win;ESC;HLB;1311;4;2;4;8;8;1;50;1173;134.38;6946;4847;2099;54;160;951;613;338;8;32;157.48;104.44;880;552;198;1472485;506.53;429.78;131.27;639.08;400.14;28.35;15.43;118;270.44;797.14;270.44;741.8;325.78;587.2;278.68;201.69;4;2;2;12;8;12;1;1;1;0;0;1;3;2;0
414ae9d1-f75f-470e-a031-12a38e2ff6c0;gtrls finals g5;Champions Field;2026-10-04 23:21:04;loss;HLB;ESC;742;1;0;2;8;8;4;12.5;1122;136.21;6655;4731;1924;57;165;1104;433;671;7;59;144.49;109.76;829;989;265;1562030;455.79;470.78;139.02;637.92;398.26;29.43;18.18;206;360.63;704.98;360.63;631.68;433.92;465.84;349.01;250.75;2;4;2;7;13;13;5;2;1;1;0;0;2;3;1
f06d627f-a7f0-42e0-9a28-e2de7796304e;gtrls finals g6;Champions Field;2026-10-04 23:30:15;win;ESC;HLB;1413;7;3;1;12;3;1;58.33;1282;138.31;7708;5802;1906;66;169;1777;1144;633;13;55;139.41;103.75;1193;837;162;1670694;485.66;466.26;188.37;680.52;413.52;46.24;18.5;141;265;875.29;265;693.73;446.57;513.17;346.95;280.16;4;2;0;4;13;11;0;1;1;0;0;3;1;2;0
f06d627f-a7f0-42e0-9a28-e2de7796304e;gtrls finals g6;Champions Field;2026-10-04 23:30:15;loss;HLB;ESC;732;1;1;5;3;12;7;33.33;1134;125.64;6842;4833;2009;56;180;765;294;471;4;44;192;98.42;812;812;120;1618725;509.17;473.63;149.63;629.86;455.48;47.08;20.7;231;412.72;719.7;412.72;811.07;321.36;608.04;352.03;172.36;2;4;0;6;8;15;9;1;0;1;0;0;2;1;3
